Region,Total Units Sold,Total Revenue,Avg Inventory
East,2511265,1.3871205433E8,275.3
South,2507799,1.3848356684E8,275.3
North,2484966,1.3725526735E8,274.8
West,2471552,1.3577799639E8,272.5
